准确率,查准率,查全率,F1分数,ROC-AUC,PR-AUC
0.9382022471910112,0.9382022471910112,1.0,0.9681159420289855,0.949918345127926,0.9967042806971526
